{
  "example_ema_cross": {
    "name": "Example: EMA Cross",
    "group": "Examples",
    "periods": {
      "P1_Herbst25": {
        "trades": 420,
        "win_rate": 22.380952380952383,
        "profit_factor": 0.5987041365578456,
        "total_pnl": -46587.11906041404,
        "avg_win_r": 2.0001944241791696,
        "avg_loss_r": 2.760218100482094,
        "bait_placed": 0,
        "bait_filled": 0,
        "bait_expired": 0,
        "bait_fill_rate_pct": 0.0,
        "categories": {
          "SL_TP_REACHED_AFTER": 254,
          "DIRECT_SL": 58,
          "DIRECT_TP": 56,
          "TP_EXCEEDED": 38,
          "SL_DESPITE_TP_DURING": 13,
          "TP_NEAR_MISS": 1
        },
        "trailing_cost_pnl": 0,
        "left_on_table_pnl": 259866.65999999957,
        "left_on_table_r": 534.0188779419002,
        "same_day_close_pct": 97.38095238095238,
        "max_dd_pct": 47.12938459415124,
        "worst_below_start_pct": 47.12938459415124,
        "max_daily_loss_pct": 8.832204077789681,
        "return_pct": -46.58711906041405,
        "prop_ftmo_ok": false,
        "prop_bonus_ok": false,
        "capture_ratio": 0.41746555563383114,
        "max_consec_losses": 32,
        "monthly_returns": {
          "2025-09": -3.118045675895541,
          "2025-10": -25.98120016632771,
          "2025-11": -16.717601466799803,
          "2025-12": -8.980821323297777,
          "2026-03": -1.7404124896207063
        },
        "payout_months": 0,
        "months": 5,
        "avg_r": -0.3496956389979638
      },
      "P2_Winter": {
        "trades": 400,
        "win_rate": 23.25,
        "profit_factor": 0.6175586722702688,
        "total_pnl": -43248.79045665525,
        "avg_win_r": 1.99981637422181,
        "avg_loss_r": 3.8589684826476094,
        "bait_placed": 0,
        "bait_filled": 0,
        "bait_expired": 0,
        "bait_fill_rate_pct": 0.0,
        "categories": {
          "SL_TP_REACHED_AFTER": 235,
          "DIRECT_TP": 41,
          "DIRECT_SL": 48,
          "TP_EXCEEDED": 52,
          "SL_DESPITE_TP_DURING": 21,
          "TP_NEAR_MISS": 3
        },
        "trailing_cost_pnl": 0,
        "left_on_table_pnl": 252844.34999999937,
        "left_on_table_r": 511.9785538648668,
        "same_day_close_pct": 96.25,
        "max_dd_pct": 45.72782648555063,
        "worst_below_start_pct": 44.69125062548889,
        "max_daily_loss_pct": 6.242551156003167,
        "return_pct": -43.24879045665517,
        "prop_ftmo_ok": false,
        "prop_bonus_ok": false,
        "capture_ratio": 0.3411669783606731,
        "max_consec_losses": 18,
        "monthly_returns": {
          "2025-12": -3.5955613290630426,
          "2026-01": -27.70149766568948,
          "2026-02": -13.93115100932695,
          "2026-03": -5.397460264027165
        },
        "payout_months": 0,
        "months": 4,
        "avg_r": -0.3135701932961363
      },
      "P3_Fruehjahr": {
        "trades": 531,
        "win_rate": 17.890772128060263,
        "profit_factor": 0.47164251783642075,
        "total_pnl": -68293.0635869149,
        "avg_win_r": 1.999809951468989,
        "avg_loss_r": 2.2585836467995697,
        "bait_placed": 0,
        "bait_filled": 0,
        "bait_expired": 0,
        "bait_fill_rate_pct": 0.0,
        "categories": {
          "SL_TP_REACHED_AFTER": 349,
          "TP_EXCEEDED": 46,
          "DIRECT_TP": 49,
          "DIRECT_SL": 69,
          "SL_DESPITE_TP_DURING": 16,
          "TP_NEAR_MISS": 2
        },
        "trailing_cost_pnl": 0,
        "left_on_table_pnl": 297867.45999999926,
        "left_on_table_r": 729.988270741546,
        "same_day_close_pct": 97.74011299435028,
        "max_dd_pct": 68.29306358691481,
        "worst_below_start_pct": 68.29306358691481,
        "max_daily_loss_pct": 7.219353290603116,
        "return_pct": -68.29306358691481,
        "prop_ftmo_ok": false,
        "prop_bonus_ok": false,
        "capture_ratio": 0.35253487620354895,
        "max_consec_losses": 24,
        "monthly_returns": {
          "2026-03": -30.04589446801579,
          "2026-04": -26.790130289289355,
          "2026-05": -33.61994557370296,
          "2026-06": -6.731748377077556
        },
        "payout_months": 0,
        "months": 4,
        "avg_r": -0.4759850236963675
      }
    },
    "aggregate": {
      "periods_ok": 3,
      "mean_return_pct": -52.70965770132801,
      "min_return_pct": -68.29306358691481,
      "std_return_pct": 11.103093073940393,
      "consistency": -63.812750775268405,
      "worst_dd_pct": 68.29306358691481,
      "worst_day_dd_pct": 8.832204077789681,
      "all_profitable": false,
      "all_prop_ok": false,
      "all_bonus_ok": false,
      "total_trades": 1351,
      "mean_capture": 0.3703891367326844,
      "worst_consec_losses": 32,
      "payout_months": 0,
      "months": 13
    }
  },
  "example_supertrend": {
    "name": "Example: SuperTrend",
    "group": "Examples",
    "periods": {
      "P1_Herbst25": {
        "trades": 26,
        "win_rate": 57.692307692307686,
        "profit_factor": 3.3595262515576185,
        "total_pnl": 13652.714829132781,
        "avg_win_r": -0.16662446223552893,
        "avg_loss_r": 1.1194551405999467,
        "bait_placed": 0,
        "bait_filled": 27,
        "bait_expired": 0,
        "bait_fill_rate_pct": 0.0,
        "categories": {
          "TP_EXCEEDED": 8,
          "DIRECT_TP": 7,
          "DIRECT_SL": 6,
          "TP_NEAR_MISS": 2,
          "SL_DESPITE_TP_DURING": 2,
          "SL_TP_REACHED_AFTER": 1
        },
        "trailing_cost_pnl": 0,
        "left_on_table_pnl": 3865.0499999999765,
        "left_on_table_r": 5.500214684413866,
        "same_day_close_pct": 34.61538461538461,
        "max_dd_pct": 1.44303763402678,
        "worst_below_start_pct": 0.0,
        "max_daily_loss_pct": 0.4967548865111442,
        "return_pct": 13.652714829132776,
        "prop_ftmo_ok": true,
        "prop_bonus_ok": true,
        "capture_ratio": 0.47848976334149973,
        "max_consec_losses": 3,
        "monthly_returns": {
          "2025-09": 3.521289770713585,
          "2025-10": 5.88890079956501,
          "2025-11": 1.6815663639350615,
          "2025-12": 1.9664905598887599
        },
        "payout_months": 0,
        "months": 4,
        "avg_r": -0.36536026667434357
      },
      "P2_Winter": {
        "trades": 35,
        "win_rate": 57.14285714285714,
        "profit_factor": 3.2579657988606607,
        "total_pnl": 17783.56147451831,
        "avg_win_r": -2.3949931246480815e-05,
        "avg_loss_r": 1.2786203860749699,
        "bait_placed": 0,
        "bait_filled": 36,
        "bait_expired": 0,
        "bait_fill_rate_pct": 0.0,
        "categories": {
          "DIRECT_TP": 9,
          "TP_EXCEEDED": 11,
          "DIRECT_SL": 7,
          "SL_DESPITE_TP_DURING": 5,
          "TP_NEAR_MISS": 2,
          "SL_TP_REACHED_AFTER": 1
        },
        "trailing_cost_pnl": 0,
        "left_on_table_pnl": 6628.620000000027,
        "left_on_table_r": 10.000155941224957,
        "same_day_close_pct": 37.142857142857146,
        "max_dd_pct": 1.949372390553188,
        "worst_below_start_pct": 0.0,
        "max_daily_loss_pct": 0.9908917703270224,
        "return_pct": 17.783561474518283,
        "prop_ftmo_ok": true,
        "prop_bonus_ok": true,
        "capture_ratio": 0.5513130822302792,
        "max_consec_losses": 4,
        "monthly_returns": {
          "2025-12": 6.4456605055165275,
          "2026-01": 3.8018289322573575,
          "2026-02": 5.354741805849663,
          "2026-03": 1.1806880236754462
        },
        "payout_months": 0,
        "months": 4,
        "avg_r": -0.14287082853214084
      },
      "P3_Fruehjahr": {
        "trades": 45,
        "win_rate": 62.22222222222222,
        "profit_factor": 4.137604923559705,
        "total_pnl": 29138.918693684715,
        "avg_win_r": -1.340486929283077e-06,
        "avg_loss_r": 1.4179464019898744,
        "bait_placed": 0,
        "bait_filled": 45,