{
  "example_ema_cross": {
    "name": "Example: EMA Cross",
    "group": "Examples",
    "periods": {
      "P1_Herbst25": {
        "by_grade": {
          "EXAMPLE ema_cross long": {
            "trades": 1,
            "win_rate": 0.0,
            "profit_factor": 0.0,
            "total_pnl": -193.89759244440899,
            "return_pct": -0.19389759244440938,
            "max_dd_pct": 0.19389759244440938,
            "max_daily_loss_pct": 0.19389759244440938,
            "prop_ftmo_ok": true,
            "prop_bonus_ok": true,
            "same_day_close_pct": 100.0,
            "avg_win_r": 0.0,
            "avg_loss_r": 1.6334661354581823
          },
          "EXAMPLE ema_cross short": {
            "trades": 1,
            "win_rate": 0.0,
            "profit_factor": 0.0,
            "total_pnl": -199.24329499306862,
            "return_pct": -0.19924329499306626,
            "max_dd_pct": 0.19924329499306626,
            "max_daily_loss_pct": 0.19924329499306626,
            "prop_ftmo_ok": true,
            "prop_bonus_ok": true,
            "same_day_close_pct": 100.0,
            "avg_win_r": 0.0,
            "avg_loss_r": 5.3558467741937195
          }
        },
        "trades": 2,
        "win_rate": 0.0,
        "profit_factor": 0.0,
        "total_pnl": -393.1408874374776,
        "avg_win_r": 0.0,
        "avg_loss_r": 3.494656454825951,
        "bait_placed": 0,
        "bait_filled": 0,
        "bait_expired": 0,
        "bait_fill_rate_pct": 0.0,
        "categories": {
          "SL_TP_REACHED_AFTER": 2
        },
        "trailing_cost_pnl": 0,
        "left_on_table_pnl": 610.9100000000126,
        "left_on_table_r": 2.400804041897028,
        "same_day_close_pct": 100.0,
        "max_dd_pct": 0.39314088743747555,
        "worst_below_start_pct": 0.39314088743747555,
        "max_daily_loss_pct": 0.19924329499306626,
        "return_pct": -0.39314088743747555,
        "prop_ftmo_ok": true,
        "prop_bonus_ok": true,
        "capture_ratio": 0.0,
        "max_consec_losses": 2,
        "monthly_returns": {
          "2025-10": -0.39314088743747555
        },
        "payout_months": 0,
        "months": 1,
        "avg_r": -1.0
      },
      "P2_Winter": {
        "by_grade": {},
        "trades": 2,
        "win_rate": 0.0,
        "profit_factor": 0.0,
        "total_pnl": -393.1408874374818,
        "avg_win_r": 0.0,
        "avg_loss_r": 6.5056109140260086,
        "bait_placed": 0,
        "bait_filled": 0,
        "bait_expired": 0,
        "bait_fill_rate_pct": 0.0,
        "categories": {
          "SL_TP_REACHED_AFTER": 2
        },
        "trailing_cost_pnl": 0,
        "left_on_table_pnl": 610.6800000000148,
        "left_on_table_r": 2.3999035276652063,
        "same_day_close_pct": 100.0,
        "max_dd_pct": 0.39314088743749015,
        "worst_below_start_pct": 0.39314088743749015,
        "max_daily_loss_pct": 0.19799273989679847,
        "return_pct": -0.39314088743749015,
        "prop_ftmo_ok": true,
        "prop_bonus_ok": true,
        "capture_ratio": 0.0,
        "max_consec_losses": 2,
        "monthly_returns": {
          "2026-02": -0.39314088743749015
        },
        "payout_months": 0,
        "months": 1,
        "avg_r": -1.0
      },
      "P3_Fruehjahr": {
        "by_grade": {},
        "trades": 1,
        "win_rate": 0.0,
        "profit_factor": 0.0,
        "total_pnl": -195.27264309998785,
        "avg_win_r": 0.0,
        "avg_loss_r": 7.0461270670149325,
        "bait_placed": 0,
        "bait_filled": 0,
        "bait_expired": 0,
        "bait_fill_rate_pct": 0.0,
        "categories": {
          "SL_TP_REACHED_AFTER": 1
        },
        "trailing_cost_pnl": 0,
        "left_on_table_pnl": 303.1600000000144,
        "left_on_table_r": 1.1993037423847621,
        "same_day_close_pct": 100.0,
        "max_dd_pct": 0.1952726430999901,
        "worst_below_start_pct": 0.1952726430999901,
        "max_daily_loss_pct": 0.1952726430999901,
        "return_pct": -0.1952726430999901,
        "prop_ftmo_ok": true,
        "prop_bonus_ok": true,
        "capture_ratio": 0.0,
        "max_consec_losses": 1,
        "monthly_returns": {
          "2026-04": -0.1952726430999901
        },
        "payout_months": 0,
        "months": 1,
        "avg_r": -1.0
      }
    },
    "aggregate": {
      "periods_ok": 3,
      "mean_return_pct": -0.32718480599165195,
      "min_return_pct": -0.39314088743749015,
      "std_return_pct": 0.09327598490167854,
      "consistency": -0.4204607908933305,
      "worst_dd_pct": 0.39314088743749015,
      "worst_day_dd_pct": 0.19924329499306626,
      "all_profitable": false,
      "all_prop_ok": true,
      "all_bonus_ok": true,
      "total_trades": 5,
      "mean_capture": 0.0,
      "worst_consec_losses": 2,
      "payout_months": 0,
      "months": 3
    }
  },
  "example_supertrend": {
    "name": "Example: SuperTrend",
    "group": "Examples",
    "periods": {
      "P1_Herbst25": {
        "by_grade": {
          "EXAMPLE supertrend long stop": {
            "trades": 7,
            "win_rate": 100.0,
            "profit_factor": null,
            "total_pnl": 230.22828476576606,
            "return_pct": 0.23022828476576251,
            "max_dd_pct": 0.0,
            "max_daily_loss_pct": 0.0,
            "prop_ftmo_ok": true,
            "prop_bonus_ok": true,
            "same_day_close_pct": 100.0,
            "avg_win_r": -0.10676215603290806,
            "avg_loss_r": 0.0
          },
          "EXAMPLE supertrend short stop": {
            "trades": 18,
            "win_rate": 94.44444444444444,
            "profit_factor": 473.3188976376321,
            "total_pnl": 926.7609668511292,
            "return_pct": 0.9267609668511577,
            "max_dd_pct": 0.001953156141790543,
            "max_daily_loss_pct": 0.001953156141790543,
            "prop_ftmo_ok": true,
            "prop_bonus_ok": true,
            "same_day_close_pct": 100.0,
            "avg_win_r": 0.20638822317020902,
            "avg_loss_r": 0.04901803392732841
          }
        },
        "trades": 25,
        "win_rate": 96.0,
        "profit_factor": 590.6535433068829,
        "total_pnl": 1156.9892516168952,
        "avg_win_r": 0.11505269590263321,
        "avg_loss_r": 0.04901803392732841,
        "bait_placed": 25,
        "bait_filled": 25,
        "bait_expired": 0,
        "bait_fill_rate_pct": 100.0,
        "categories": {
          "DIRECT_TP": 25
        },
        "trailing_cost_pnl": 0,
        "left_on_table_pnl": 0,
        "left_on_table_r": 0,
        "same_day_close_pct": 100.0,
        "max_dd_pct": 0.001950287681893018,
        "worst_below_start_pct": 0.0,
        "max_daily_loss_pct": 0.001950287681893018,
        "return_pct": 1.1569892516169202,
        "prop_ftmo_ok": true,
        "prop_bonus_ok": true,
        "capture_ratio": 0.0,
        "max_consec_losses": 1,
        "monthly_returns": {
          "2025-09": 0.25710357257908617,
          "2025-10": 0.4988958593918123,
          "2025-11": 0.2519434235519943,
          "2025-12": 0.14439576069259452
        },
        "payout_months": 0,
        "months": 4,
        "avg_r": 0.1101787413281535
      },
      "P2_Winter": {
        "by_grade": {
          "EXAMPLE supertrend long stop": {
            "trades": 8,
            "win_rate": 100.0,
            "profit_factor": null,
            "total_pnl": 243.56164112269948,
            "return_pct": 0.24356164112270925,
            "max_dd_pct": 0.0,
            "max_daily_loss_pct": 0.0,
            "prop_ftmo_ok": true,
            "prop_bonus_ok": true,
            "same_day_close_pct": 100.0,
            "avg_win_r": -0.10738581128888616,
            "avg_loss_r": 0.0
          },
          "EXAMPLE supertrend short stop": {
            "trades": 14,
            "win_rate": 92.85714285714286,
            "profit_factor": 33.1747098350644,
            "total_pnl": 813.7518879718783,