{
  "example_ema_cross": {
    "name": "Example: EMA Cross",
    "group": "Examples",
    "periods": {
      "P1_Herbst25": {
        "by_grade": {
          "EXAMPLE ema_cross long": {
            "trades": 1,
            "win_rate": 0.0,
            "profit_factor": 0.0,
            "total_pnl": -193.93167310718013,
            "return_pct": -0.193931673107174,
            "max_dd_pct": 0.193931673107174,
            "max_daily_loss_pct": 0.193931673107174,
            "prop_ftmo_ok": true,
            "prop_bonus_ok": true,
            "same_day_close_pct": 100.0,
            "avg_win_r": 0.0,
            "avg_loss_r": 1.6334661354581823
          },
          "EXAMPLE ema_cross short": {
            "trades": 1,
            "win_rate": 0.0,
            "profit_factor": 0.0,
            "total_pnl": -199.27831525020778,
            "return_pct": -0.19927831525020884,
            "max_dd_pct": 0.19927831525020884,
            "max_daily_loss_pct": 0.19927831525020884,
            "prop_ftmo_ok": true,
            "prop_bonus_ok": true,
            "same_day_close_pct": 100.0,
            "avg_win_r": 0.0,
            "avg_loss_r": 5.3558467741937195
          }
        },
        "trades": 2,
        "win_rate": 0.0,
        "profit_factor": 0.0,
        "total_pnl": -393.20998835738794,
        "avg_win_r": 0.0,
        "avg_loss_r": 3.494656454825951,
        "bait_placed": 0,
        "bait_filled": 0,
        "bait_expired": 0,
        "bait_fill_rate_pct": 0.0,
        "categories": {
          "SL_TP_REACHED_AFTER": 2
        },
        "trailing_cost_pnl": 0,
        "left_on_table_pnl": 610.9100000000126,
        "left_on_table_r": 2.400804041897028,
        "same_day_close_pct": 100.0,
        "max_dd_pct": 0.39320998835738286,
        "worst_below_start_pct": 0.39320998835738286,
        "max_daily_loss_pct": 0.19927831525020884,
        "return_pct": -0.39320998835738286,
        "prop_ftmo_ok": true,
        "prop_bonus_ok": true,
        "capture_ratio": 0.0,
        "max_consec_losses": 2,
        "monthly_returns": {
          "2025-10": -0.39320998835738286
        },
        "payout_months": 0,
        "months": 1,
        "avg_r": -1.0
      },
      "P2_Winter": {
        "by_grade": {},
        "trades": 2,
        "win_rate": 0.0,
        "profit_factor": 0.0,
        "total_pnl": -393.20998835739215,
        "avg_win_r": 0.0,
        "avg_loss_r": 6.5056109140260086,
        "bait_placed": 0,
        "bait_filled": 0,
        "bait_expired": 0,
        "bait_fill_rate_pct": 0.0,
        "categories": {
          "SL_TP_REACHED_AFTER": 2
        },
        "trailing_cost_pnl": 0,
        "left_on_table_pnl": 610.6800000000148,
        "left_on_table_r": 2.3999035276652063,
        "same_day_close_pct": 100.0,
        "max_dd_pct": 0.3932099883573974,
        "worst_below_start_pct": 0.3932099883573974,
        "max_daily_loss_pct": 0.19802760854098198,
        "return_pct": -0.3932099883573974,
        "prop_ftmo_ok": true,
        "prop_bonus_ok": true,
        "capture_ratio": 0.0,
        "max_consec_losses": 2,
        "monthly_returns": {
          "2026-02": -0.3932099883573974
        },
        "payout_months": 0,
        "months": 1,
        "avg_r": -1.0
      },
      "P3_Fruehjahr": {
        "by_grade": {},
        "trades": 1,
        "win_rate": 0.0,
        "profit_factor": 0.0,
        "total_pnl": -195.30696545032765,
        "avg_win_r": 0.0,
        "avg_loss_r": 7.0461270670149325,
        "bait_placed": 0,
        "bait_filled": 0,
        "bait_expired": 0,
        "bait_fill_rate_pct": 0.0,
        "categories": {
          "SL_TP_REACHED_AFTER": 1
        },
        "trailing_cost_pnl": 0,
        "left_on_table_pnl": 303.1600000000144,
        "left_on_table_r": 1.1993037423847621,
        "same_day_close_pct": 100.0,
        "max_dd_pct": 0.19530696545033427,
        "worst_below_start_pct": 0.19530696545033427,
        "max_daily_loss_pct": 0.19530696545033427,
        "return_pct": -0.19530696545033427,
        "prop_ftmo_ok": true,
        "prop_bonus_ok": true,
        "capture_ratio": 0.0,
        "max_consec_losses": 1,
        "monthly_returns": {
          "2026-04": -0.19530696545033427
        },
        "payout_months": 0,
        "months": 1,
        "avg_r": -1.0
      }
    },
    "aggregate": {
      "periods_ok": 3,
      "mean_return_pct": -0.3272423140550382,
      "min_return_pct": -0.3932099883573974,
      "std_return_pct": 0.09329237967659723,
      "consistency": -0.42053469373163543,
      "worst_dd_pct": 0.3932099883573974,
      "worst_day_dd_pct": 0.19927831525020884,
      "all_profitable": false,
      "all_prop_ok": true,
      "all_bonus_ok": true,
      "total_trades": 5,
      "mean_capture": 0.0,
      "worst_consec_losses": 2,
      "payout_months": 0,
      "months": 3
    }
  },
  "example_supertrend": {
    "name": "Example: SuperTrend",
    "group": "Examples",
    "periods": {
      "P1_Herbst25": {
        "by_grade": {
          "EXAMPLE supertrend long stop": {
            "trades": 7,
            "win_rate": 100.0,
            "profit_factor": null,
            "total_pnl": 230.26875113997198,
            "return_pct": 0.23026875113997086,
            "max_dd_pct": 0.0,
            "max_daily_loss_pct": 0.0,
            "prop_ftmo_ok": true,
            "prop_bonus_ok": true,
            "same_day_close_pct": 100.0,
            "avg_win_r": -0.10676215603290806,
            "avg_loss_r": 0.0
          },
          "EXAMPLE supertrend short stop": {
            "trades": 18,
            "win_rate": 94.44444444444444,
            "profit_factor": 473.3188976376321,
            "total_pnl": 926.9238601990173,
            "return_pct": 0.9269238601990073,
            "max_dd_pct": 0.001953497866811976,
            "max_daily_loss_pct": 0.001953497866811976,
            "prop_ftmo_ok": true,
            "prop_bonus_ok": true,
            "same_day_close_pct": 100.0,
            "avg_win_r": 0.20638822317020902,
            "avg_loss_r": 0.04901803392732841
          }
        },
        "trades": 25,
        "win_rate": 96.0,
        "profit_factor": 590.6535433068827,
        "total_pnl": 1157.1926113389893,
        "avg_win_r": 0.11505269590263321,
        "avg_loss_r": 0.04901803392732841,
        "bait_placed": 25,
        "bait_filled": 25,
        "bait_expired": 0,
        "bait_fill_rate_pct": 100.0,
        "categories": {
          "DIRECT_TP": 25
        },
        "trailing_cost_pnl": 0,
        "left_on_table_pnl": 0,
        "left_on_table_r": 0,
        "same_day_close_pct": 100.0,
        "max_dd_pct": 0.001950628403830052,
        "worst_below_start_pct": 0.0,
        "max_daily_loss_pct": 0.001950628403830052,
        "return_pct": 1.157192611338978,
        "prop_ftmo_ok": true,
        "prop_bonus_ok": true,
        "capture_ratio": 0.0,
        "max_consec_losses": 1,
        "monthly_returns": {
          "2025-09": 0.25714876272324183,
          "2025-10": 0.4989833235589937,
          "2025-11": 0.2519873738297545,
          "2025-12": 0.14442088650134158
        },
        "payout_months": 0,
        "months": 4,
        "avg_r": 0.1101787413281535
      },
      "P2_Winter": {
        "by_grade": {
          "EXAMPLE supertrend long stop": {
            "trades": 8,
            "win_rate": 100.0,
            "profit_factor": null,
            "total_pnl": 243.60445105164416,
            "return_pct": 0.2436044510516367,
            "max_dd_pct": 0.0,
            "max_daily_loss_pct": 0.0,
            "prop_ftmo_ok": true,
            "prop_bonus_ok": true,
            "same_day_close_pct": 100.0,
            "avg_win_r": -0.10738581128888616,
            "avg_loss_r": 0.0
          },
          "EXAMPLE supertrend short stop": {
            "trades": 14,
            "win_rate": 92.85714285714286,
            "profit_factor": 33.174709835064405,
            "total_pnl": 813.8949181318907,
            "return_pct": 0.8138949181318893,