{
  "example_ema_cross": {
    "name": "Example: EMA Cross",
    "group": "Examples",
    "periods": {
      "P1_Herbst25": {
        "by_grade": {
          "EXAMPLE ema_cross long": {
            "trades": 1,
            "win_rate": 0.0,
            "profit_factor": 0.0,
            "total_pnl": -192.3021377638717,
            "return_pct": -0.19230213776386518,
            "max_dd_pct": 0.19230213776386518,
            "max_daily_loss_pct": 0.19230213776386518,
            "prop_ftmo_ok": true,
            "prop_bonus_ok": true,
            "same_day_close_pct": 100.0,
            "avg_win_r": 0.0,
            "avg_loss_r": 1.6334661354581823
          },
          "EXAMPLE ema_cross short": {
            "trades": 1,
            "win_rate": 0.0,
            "profit_factor": 0.0,
            "total_pnl": -197.60385407193652,
            "return_pct": -0.19760385407193098,
            "max_dd_pct": 0.19760385407193098,
            "max_daily_loss_pct": 0.19760385407193098,
            "prop_ftmo_ok": true,
            "prop_bonus_ok": true,
            "same_day_close_pct": 100.0,
            "avg_win_r": 0.0,
            "avg_loss_r": 5.3558467741937195
          }
        },
        "trades": 2,
        "win_rate": 0.0,
        "profit_factor": 0.0,
        "total_pnl": -389.9059918358082,
        "avg_win_r": 0.0,
        "avg_loss_r": 3.494656454825951,
        "bait_placed": 0,
        "bait_filled": 0,
        "bait_expired": 0,
        "bait_fill_rate_pct": 0.0,
        "categories": {
          "SL_TP_REACHED_AFTER": 2
        },
        "trailing_cost_pnl": 0,
        "left_on_table_pnl": 610.9100000000126,
        "left_on_table_r": 2.400804041897028,
        "same_day_close_pct": 100.0,
        "max_dd_pct": 0.38990599183579616,
        "worst_below_start_pct": 0.38990599183579616,
        "max_daily_loss_pct": 0.19760385407193098,
        "return_pct": -0.38990599183579616,
        "prop_ftmo_ok": true,
        "prop_bonus_ok": true,
        "capture_ratio": 0.0,
        "max_consec_losses": 2,
        "monthly_returns": {
          "2025-10": -0.38990599183579616
        },
        "payout_months": 0,
        "months": 1,
        "avg_r": -1.0
      },
      "P2_Winter": {
        "by_grade": {},
        "trades": 2,
        "win_rate": 0.0,
        "profit_factor": 0.0,
        "total_pnl": -389.9059918358124,
        "avg_win_r": 0.0,
        "avg_loss_r": 6.5056109140260086,
        "bait_placed": 0,
        "bait_filled": 0,
        "bait_expired": 0,
        "bait_fill_rate_pct": 0.0,
        "categories": {
          "SL_TP_REACHED_AFTER": 2
        },
        "trailing_cost_pnl": 0,
        "left_on_table_pnl": 610.6800000000148,
        "left_on_table_r": 2.3999035276652063,
        "same_day_close_pct": 100.0,
        "max_dd_pct": 0.3899059918358107,
        "worst_below_start_pct": 0.3899059918358107,
        "max_daily_loss_pct": 0.19636042347220242,
        "return_pct": -0.3899059918358107,
        "prop_ftmo_ok": true,
        "prop_bonus_ok": true,
        "capture_ratio": 0.0,
        "max_consec_losses": 2,
        "monthly_returns": {
          "2026-02": -0.3899059918358107
        },
        "payout_months": 0,
        "months": 1,
        "avg_r": -1.0
      },
      "P3_Fruehjahr": {
        "by_grade": {},
        "trades": 1,
        "win_rate": 0.0,
        "profit_factor": 0.0,
        "total_pnl": -193.66587403964442,
        "avg_win_r": 0.0,
        "avg_loss_r": 7.0461270670149325,
        "bait_placed": 0,
        "bait_filled": 0,
        "bait_expired": 0,
        "bait_fill_rate_pct": 0.0,
        "categories": {
          "SL_TP_REACHED_AFTER": 1
        },
        "trailing_cost_pnl": 0,
        "left_on_table_pnl": 303.1600000000144,
        "left_on_table_r": 1.1993037423847621,
        "same_day_close_pct": 100.0,
        "max_dd_pct": 0.19366587403963784,
        "worst_below_start_pct": 0.19366587403963784,
        "max_daily_loss_pct": 0.19366587403963784,
        "return_pct": -0.19366587403963784,
        "prop_ftmo_ok": true,
        "prop_bonus_ok": true,
        "capture_ratio": 0.0,
        "max_consec_losses": 1,
        "monthly_returns": {
          "2026-04": -0.19366587403963784
        },
        "payout_months": 0,
        "months": 1,
        "avg_r": -1.0
      }
    },
    "aggregate": {
      "periods_ok": 3,
      "mean_return_pct": -0.32449261923708156,
      "min_return_pct": -0.3899059918358107,
      "std_return_pct": 0.09250847868967706,
      "consistency": -0.4170010979267586,
      "worst_dd_pct": 0.3899059918358107,
      "worst_day_dd_pct": 0.19760385407193098,
      "all_profitable": false,
      "all_prop_ok": true,
      "all_bonus_ok": true,
      "total_trades": 5,
      "mean_capture": 0.0,
      "worst_consec_losses": 2,
      "payout_months": 0,
      "months": 3
    }
  },
  "example_supertrend": {
    "name": "Example: SuperTrend",
    "group": "Examples",
    "periods": {
      "P1_Herbst25": {
        "by_grade": {
          "EXAMPLE supertrend long stop": {
            "trades": 7,
            "win_rate": 100.0,
            "profit_factor": Infinity,
            "total_pnl": 228.33388891540542,
            "return_pct": 0.22833388891541107,
            "max_dd_pct": 0.0,
            "max_daily_loss_pct": 0.0,
            "prop_ftmo_ok": true,
            "prop_bonus_ok": true,
            "same_day_close_pct": 100.0,
            "avg_win_r": -0.10676215603290806,
            "avg_loss_r": 0.0
          },
          "EXAMPLE supertrend short stop": {
            "trades": 18,
            "win_rate": 94.44444444444444,
            "profit_factor": 473.31826309231104,
            "total_pnl": 919.134030724735,
            "return_pct": 0.9191340307247301,
            "max_dd_pct": 0.001937157984846267,
            "max_daily_loss_pct": 0.001937157984846267,
            "prop_ftmo_ok": true,
            "prop_bonus_ok": true,
            "same_day_close_pct": 100.0,
            "avg_win_r": 0.20638822317020902,
            "avg_loss_r": 0.04901803392732841
          }
        },
        "trades": 25,
        "win_rate": 96.0,
        "profit_factor": 590.6529087615617,
        "total_pnl": 1147.4679196401405,
        "avg_win_r": 0.11505269590263321,
        "avg_loss_r": 0.04901803392732841,
        "bait_placed": 25,
        "bait_filled": 25,
        "bait_expired": 0,
        "bait_fill_rate_pct": 100.0,
        "categories": {
          "DIRECT_TP": 25
        },
        "trailing_cost_pnl": 0,
        "left_on_table_pnl": 0,
        "left_on_table_r": 0,
        "same_day_close_pct": 100.0,
        "max_dd_pct": 0.0019343362892408767,
        "worst_below_start_pct": 0.0,
        "max_daily_loss_pct": 0.0019343362892408767,
        "return_pct": 1.1474679196401412,
        "prop_ftmo_ok": true,
        "prop_bonus_ok": true,
        "capture_ratio": 0.0,
        "max_consec_losses": 1,
        "monthly_returns": {
          "2025-09": 0.25498803781105384,
          "2025-10": 0.49480121711868164,
          "2025-11": 0.24988580201356858,
          "2025-12": 0.14321819768427835
        },
        "payout_months": 0,
        "months": 4,
        "avg_r": 0.1101787413281535
      },
      "P2_Winter": {
        "by_grade": {
          "EXAMPLE supertrend long stop": {
            "trades": 8,
            "win_rate": 100.0,
            "profit_factor": Infinity,
            "total_pnl": 241.5575339265776,
            "return_pct": 0.2415575339265779,
            "max_dd_pct": 0.0,
            "max_daily_loss_pct": 0.0,
            "prop_ftmo_ok": true,
            "prop_bonus_ok": true,
            "same_day_close_pct": 100.0,
            "avg_win_r": -0.10738581128888616,
            "avg_loss_r": 0.0
          },
          "EXAMPLE supertrend short stop": {
            "trades": 14,
            "win_rate": 92.85714285714286,
            "profit_factor": 34.29016493585853,
            "total_pnl": 835.035641400797,